<?xml version="1.0" encoding="utf-8"?>
<extension version="3.0" type="plugin" group="system" method="upgrade">
    <name>inTarget</name>
    <author>inTarget Team</author>
    <creationDate>08.2015</creationDate>
    <copyright>(C) 2016 by intarget.ru team (https://intarget.ru)</copyright>
    <license>GNU/GPL: http://www.gnu.org/copyleft/gpl.html</license>
    <authorEmail>plugins@intarget.ru</authorEmail>
    <authorUrl>https://intarget.ru</authorUrl>
    <version>1.0.2</version>
    <description>
        <![CDATA[
<link rel="stylesheet" type="text/css" href="/plugins/system/intarget/style.css">
<script src="/plugins/system/intarget/main.js"> </script>
<div id="before_install" style="display:none;">
Плагин inTarget успешно установлен!

Для начала работы плагина необходимо ввести Email и Ключ API, полученный в личном кабинете на сайте <a href="http://intarget.ru">inTarget.ru</a>
</div>]]>
    </description>
    <languages folder="language">
        <language tag="ru-RU">ru-RU/ru-RU.plg_system_intarget.ini</language>
        <language tag="ru-RU">ru-RU/ru-RU.plg_system_intarget.sys.ini</language>
        <language tag="en-GB">en-GB/en-GB.plg_system_intarget.ini</language>
        <language tag="en-GB">en-GB/en-GB.plg_system_intarget.sys.ini</language>
    </languages>
    <files>
        <filename plugin="intarget">intarget.php</filename>
        <filename>index.html</filename>
        <filename>style.css</filename>
        <filename>ok.png</filename>
        <filename>main.js</filename>
        <filename>log.txt</filename>
    </files>
    <config>
        <fields name="params">
            <fieldset name="basic">
                <field
                        name="email"
                        type="text"
                        default=""
                        label="PLG_INTARGET_EMAIL"
                        description="PLG_INTARGET_EMAIL_DESC"/>
                <field
                        name="app_key"
                        type="text"
                        default=""
                        label="PLG_INTARGET_APP_KEY"
                        description="PLG_INTARGET_APP_KEY_DESC"/>
                <field
                        name="intarget_id"
                        type="hidden"
                        default=""/>
            </fieldset>
        </fields>
    </config>
    <updateservers>
        <server type="extension" priority="1" name="inTarget">
            https://intarget.ru/
        </server>
    </updateservers>
</extension>
